{
    "depthInBase": [
        0.02598233060912716,
        -0.18161654784704195,
        0.1917562688702728,
        0.9985065035482661,
        -0.006620847783692807,
        -0.05390996678003906,
        -0.005885764879525569
    ],
    "depthToCloud_offset": {
        "Region0": {
            "Layer0": [
                1,
                0,
                0,
                0,
                0,
                1,
                0,
                0,
                0,
                0,
                1,
                0,
                0,
                0,
                0,
                1
            ]
        },
        "Region1": {
            "Layer0": [
                1,
                0,
                0,
                0,
                0,
                1,
                0,
                0,
                0,
                0,
                1,
                0,
                0,
                0,
                0,
                1
            ]
        },
        "Region2": {
            "Layer0": [
                1,
                0,
                0,
                0,
                0,
                1,
                0,
                0,
                0,
                0,
                1,
                0,
                0,
                0,
                0,
                1
            ]
        },
        "Region3": {
            "Layer0": [
                1,
                0,
                0,
                0,
                0,
                1,
                0,
                0,
                0,
                0,
                1,
                0,
                0,
                0,
                0,
                1
            ]
        },
        "Region4": {
            "Layer0": [
                1,
                0,
                0,
                0,
                0,
                1,
                0,
                0,
                0,
                0,
                1,
                0,
                0,
                0,
                0,
                1
            ]
        },
        "Region5": {
            "Layer0": [
                1,
                0,
                0,
                0,
                0,
                1,
                0,
                0,
                0,
                0,
                1,
                0,
                0,
                0,
                0,
                1
            ]
        },
        "Region6": {
            "Layer0": [
                1,
                0,
                0,
                0,
                0,
                1,
                0,
                0,
                0,
                0,
                1,
                0,
                0,
                0,
                0,
                1
            ]
        },
        "Region7": {
            "Layer0": [
                1,
                0,
                0,
                0,
                0,
                1,
                0,
                0,
                0,
                0,
                1,
                0,
                0,
                0,
                0,
                1
            ]
        },
        "Region8": {
            "Layer0": [
                1,
                0,
                0,
                0,
                0,
                1,
                0,
                0,
                0,
                0,
                1,
                0,
                0,
                0,
                0,
                1
            ]
        }
    },
    "is_eye_in_hand": true,
    "modify_time": "2024-04-25T22:06:59",
    "segment_params": {
        "image_size": [
            1280,
            1024
        ],
        "layer_ini_depth": 1.3,
        "layer_interval": 0.2,
        "region_size": [
            3,
            3
        ]
    },
    "version": "1.8.2"
}
